1,Bulbasaur,45,49,49,65,65,45,318,0,0,0,0,0
2,Ivysaur,60,62,63,80,80,60,405,0,0,0,0,0
3,Venusaur,80,82,83,100,100,80,525,0,0,0,0,0
4,Charmander,39,52,43,60,50,65,309,0,0,0,0,0
5,Charmeleon,58,64,58,80,65,80,405,0,0,0,0,0
6,Charizard,78,84,78,109,85,100,534,0,0,0,0,0
7,Squirtle,44,48,65,50,64,43,314,67,396,406,330,323
8,Wartortle,59,63,80,65,80,58,405,0,0,0,0,0
9,Blastoise,79,83,100,85,105,78,530,0,0,0,0,0
10,Caterpie,45,30,35,20,20,45,195,0,0,0,0,0
11,Metapod,50,20,55,25,25,30,205,0,0,0,0,0
12,Butterfree,60,45,50,90,80,70,395,0,0,0,0,0
13,Weedle,40,35,30,20,20,50,195,0,0,0,0,0
14,Kakuna,45,25,50,25,25,35,205,0,0,0,0,0
15,Beedrill,65,90,40,45,80,75,395,0,0,0,0,0
16,Pidgey,40,45,40,35,35,56,251,0,0,0,0,0
17,Pidgeotto,63,60,55,50,50,71,349,0,0,0,0,0
18,Pidgeot,83,80,75,70,70,101,479,0,0,0,0,0
19,Rattata,30,56,35,25,35,72,253,0,0,0,0,0
20,Raticate,55,81,60,50,70,97,413,0,0,0,0,0
21,Spearow,40,60,30,31,31,70,262,0,0,0,0,0
22,Fearow,65,90,65,61,61,100,442,0,0,0,0,0
23,Ekans,35,60,44,40,54,55,288,0,0,0,0,0
24,Arbok,60,85,69,65,79,80,438,0,0,0,0,0
25,Pikachu,35,55,40,50,50,90,320,0,0,0,0,0
26,Raichu,60,90,55,90,80,110,485,0,0,0,0,0
27,Sandshrew,50,75,85,20,30,40,300,0,0,0,0,0
28,Sandslash,75,100,110,45,55,65,450,0,0,0,0,0
29,Nidoranâ F,55,47,52,40,40,41,275,0,0,0,0,0
30,Nidorina,70,62,67,55,55,56,365,0,0,0,0,0
31,Nidoqueen,90,92,87,75,85,76,505,0,0,0,0,0
32,Nidoranâ M,46,57,40,40,40,50,273,0,0,0,0,0
33,Nidorino,61,72,57,55,55,65,365,0,0,0,0,0
34,Nidoking,81,102,77,85,75,85,505,0,0,0,0,0
35,Clefairy,70,45,48,60,65,35,323,0,0,0,0,0
36,Clefable,95,70,73,95,90,60,483,0,0,0,0,0
37,Vulpix,38,41,40,50,65,65,299,0,0,0,0,0
38,Ninetales,73,76,75,81,100,100,505,0,0,0,0,0
39,Jigglypuff,115,45,20,45,25,20,270,0,0,0,0,0
40,Wigglytuff,140,70,45,85,50,45,435,0,0,0,0,0
41,Zubat,40,45,35,30,40,55,245,0,0,0,0,0
42,Golbat,75,80,70,65,75,90,455,0,0,0,0,0
43,Oddish,45,50,55,75,65,30,320,0,0,0,0,0
44,Gloom,60,65,70,85,75,40,395,0,0,0,0,0
45,Vileplume,75,80,85,110,90,50,490,0,0,0,0,0
46,Paras,35,70,55,45,55,25,285,0,0,0,0,0
47,Parasect,60,95,80,60,80,30,405,0,0,0,0,0
48,Venonat,60,55,50,40,55,45,305,0,0,0,0,0
49,Venomoth,70,65,60,90,75,90,450,0,0,0,0,0
50,Diglett,10,55,25,35,45,95,265,0,0,0,0,0
51,Dugtrio,35,80,50,50,70,120,405,0,0,0,0,0
52,Meowth,40,45,35,40,40,90,290,0,0,0,0,0
53,Persian,65,70,60,65,65,115,440,0,0,0,0,0
54,Psyduck,50,52,48,65,50,55,320,0,0,0,0,0
55,Golduck,80,82,78,95,80,85,500,0,0,0,0,0
56,Mankey,40,80,35,35,45,70,305,0,0,0,0,0
57,Primeape,65,105,60,60,70,95,455,0,0,0,0,0
58,Growlithe,55,70,45,70,50,60,350,0,0,0,0,0
59,Arcanine,90,110,80,100,80,95,555,0,0,0,0,0
60,Poliwag,40,50,40,40,40,90,300,0,0,0,0,0
61,Poliwhirl,65,65,65,50,50,90,385,0,0,0,0,0
62,Poliwrath,90,95,95,70,90,70,510,0,0,0,0,0
63,Abra,25,20,15,105,55,90,310,0,0,0,0,0
64,Kadabra,40,35,30,120,70,105,400,0,0,0,0,0
65,Alakazam,55,50,45,135,95,120,500,0,0,0,0,0
66,Machop,70,80,50,35,35,35,305,0,0,0,0,0
67,Machoke,80,100,70,50,60,45,405,0,0,0,0,0
68,Machamp,90,130,80,65,85,55,505,0,0,0,0,0
69,Bellsprout,50,75,35,70,30,40,300,0,0,0,0,0
70,Weepinbell,65,90,50,85,45,55,390,0,0,0,0,0
71,Victreebel,80,105,65,100,70,70,490,0,0,0,0,0
72,Tentacool,40,40,35,50,100,70,335,0,0,0,0,0
73,Tentacruel,80,70,65,80,120,100,515,0,0,0,0,0
74,Geodude,40,80,100,30,30,20,300,0,0,0,0,0
75,Graveler,55,95,115,45,45,35,390,0,0,0,0,0
76,Golem,80,120,130,55,65,45,495,0,0,0,0,0
77,Ponyta,50,85,55,65,65,90,410,0,0,0,0,0
78,Rapidash,65,100,70,80,80,105,500,0,0,0,0,0
79,Slowpoke,90,65,65,40,40,15,315,0,0,0,0,0
80,Slowbro,95,75,110,100,80,30,490,0,0,0,0,0
81,Magnemite,25,35,70,95,55,45,325,0,0,0,0,0
82,Magneton,50,60,95,120,70,70,465,0,0,0,0,0
83,Farfetch'd,52,65,55,58,62,60,352,0,0,0,0,0
84,Doduo,35,85,45,35,35,75,310,0,0,0,0,0
85,Dodrio,60,110,70,60,60,100,460,0,0,0,0,0
86,Seel,65,45,55,45,70,45,325,0,0,0,0,0
87,Dewgong,90,70,80,70,95,70,475,0,0,0,0,0
88,Grimer,80,80,50,40,50,25,325,0,0,0,0,0
89,Muk,105,105,75,65,100,50,500,0,0,0,0,0
90,Shellder,30,65,100,45,25,40,305,0,0,0,0,0
91,Cloyster,50,95,180,85,45,70,525,0,0,0,0,0
92,Gastly,30,35,30,100,35,80,310,0,0,0,0,0
93,Haunter,45,50,45,115,55,95,405,0,0,0,0,0
94,Gengar,60,65,60,130,75,110,500,0,0,0,0,0
95,Onix,35,45,160,30,45,70,385,0,0,0,0,0
96,Drowzee,60,48,45,43,90,42,328,0,0,0,0,0
97,Hypno,85,73,70,73,115,67,483,0,0,0,0,0
98,Krabby,30,105,90,25,25,50,325,0,0,0,0,0
99,Kingler,55,130,115,50,50,75,475,0,0,0,0,0
100,Voltorb,40,30,50,55,55,100,330,0,0,0,0,0
101,Electrode,60,50,70,80,80,140,480,0,0,0,0,0
102,Exeggcute,60,40,80,60,45,40,325,0,0,0,0,0
103,Exeggutor,95,95,85,125,65,55,520,0,0,0,0,0
104,Cubone,50,50,95,40,50,35,320,0,0,0,0,0
105,Marowak,60,80,110,50,80,45,425,0,0,0,0,0
106,Hitmonlee,50,120,53,35,110,87,455,0,0,0,0,0
107,Hitmonchan,50,105,79,35,110,76,455,0,0,0,0,0
108,Lickitung,90,55,75,60,75,30,385,0,0,0,0,0
109,Koffing,40,65,95,60,45,35,340,0,0,0,0,0
110,Weezing,65,90,120,85,70,60,490,0,0,0,0,0
111,Rhyhorn,80,85,95,30,30,25,345,0,0,0,0,0
112,Rhydon,105,130,120,45,45,40,485,0,0,0,0,0
113,Chansey,250,5,5,35,105,50,450,0,0,0,0,0
114,Tangela,65,55,115,100,40,60,435,0,0,0,0,0
115,Kangaskhan,105,95,80,40,80,90,490,0,0,0,0,0
116,Horsea,30,40,70,70,25,60,295,0,0,0,0,0
117,Seadra,55,65,95,95,45,85,440,0,0,0,0,0
118,Goldeen,45,67,60,35,50,63,320,0,0,0,0,0
119,Seaking,80,92,65,65,80,68,450,0,0,0,0,0
120,Staryu,30,45,55,70,55,85,340,0,0,0,0,0
121,Starmie,60,75,85,100,85,115,520,0,0,0,0,0
122,Mr. Mime,40,45,65,100,120,90,460,0,0,0,0,0
123,Scyther,70,110,80,55,80,105,500,0,0,0,0,0
124,Jynx,65,50,35,115,95,95,455,0,0,0,0,0
125,Electabuzz,65,83,57,95,85,105,490,0,0,0,0,0
126,Magmar,65,95,57,100,85,93,495,0,0,0,0,0
127,Pinsir,65,125,100,55,70,85,500,0,0,0,0,0
128,Tauros,75,100,95,40,70,110,490,0,0,0,0,0
129,Magikarp,20,10,55,15,20,80,200,0,0,0,0,0
130,Gyarados,95,125,79,60,100,81,540,0,0,0,0,0
131,Lapras,130,85,80,85,95,60,535,0,0,0,0,0
132,Ditto,48,48,48,48,48,48,288,0,0,0,0,0
133,Eevee,55,55,50,45,65,55,325,0,0,0,0,0
134,Vaporeon,130,65,60,110,95,65,525,0,0,0,0,0
135,Jolteon,65,65,60,110,95,130,525,0,0,0,0,0
136,Flareon,65,130,60,95,110,65,525,0,0,0,0,0
137,Porygon,65,60,70,85,75,40,395,0,0,0,0,0
138,Omanyte,35,40,100,90,55,35,355,0,0,0,0,0
139,Omastar,70,60,125,115,70,55,495,0,0,0,0,0
140,Kabuto,30,80,90,55,45,55,355,0,0,0,0,0
141,Kabutops,60,115,105,65,70,80,495,0,0,0,0,0
142,Aerodactyl,80,105,65,60,75,130,515,0,0,0,0,0
143,Snorlax,160,110,65,65,110,30,540,0,0,0,0,0
144,Articuno,90,85,100,95,125,85,580,0,0,0,0,0
145,Zapdos,90,90,85,125,90,100,580,0,0,0,0,0
146,Moltres,90,100,90,125,85,90,580,0,0,0,0,0
147,Dratini,41,64,45,50,50,50,300,0,0,0,0,0
148,Dragonair,61,84,65,70,70,70,420,0,0,0,0,0
149,Dragonite,91,134,95,100,100,80,600,0,0,0,0,0
150,Mewtwo,106,110,90,154,90,130,680,0,0,0,0,0
151,Mew,100,100,100,100,100,100,600,0,0,0,0,0
152,Chikorita,45,49,65,49,65,45,318,0,0,0,0,0
153,Bayleef,60,62,80,63,80,60,405,0,0,0,0,0
154,Meganium,80,82,100,83,100,80,525,0,0,0,0,0
155,Cyndaquil,39,52,43,60,50,65,309,0,0,0,0,0
156,Quilava,58,64,58,80,65,80,405,0,0,0,0,0
157,Typhlosion,78,84,78,109,85,100,534,0,0,0,0,0
158,Totodile,50,65,64,44,48,43,314,0,0,0,0,0
159,Croconaw,65,80,80,59,63,58,405,0,0,0,0,0
160,Feraligatr,85,105,100,79,83,78,530,0,0,0,0,0
161,Sentret,35,46,34,35,45,20,215,0,0,0,0,0
162,Furret,85,76,64,45,55,90,415,0,0,0,0,0
163,Hoothoot,60,30,30,36,56,50,262,0,0,0,0,0
164,Noctowl,100,50,50,76,96,70,442,0,0,0,0,0
165,Ledyba,40,20,30,40,80,55,265,0,0,0,0,0
166,Ledian,55,35,50,55,110,85,390,0,0,0,0,0
167,Spinarak,40,60,40,40,40,30,250,0,0,0,0,0
168,Ariados,70,90,70,60,60,40,390,0,0,0,0,0
169,Crobat,85,90,80,70,80,130,535,0,0,0,0,0
170,Chinchou,75,38,38,56,56,67,330,0,0,0,0,0
171,Lanturn,125,58,58,76,76,67,460,0,0,0,0,0
172,Pichu,20,40,15,35,35,60,205,0,0,0,0,0
173,Cleffa,50,25,28,45,55,15,218,0,0,0,0,0
174,Igglybuff,90,30,15,40,20,15,210,0,0,0,0,0
175,Togepi,35,20,65,40,65,20,245,0,0,0,0,0
176,Togetic,55,40,85,80,105,40,405,0,0,0,0,0
177,Natu,40,50,45,70,45,70,320,0,0,0,0,0
178,Xatu,65,75,70,95,70,95,470,0,0,0,0,0
179,Mareep,55,40,40,65,45,35,280,0,0,0,0,0
180,Flaaffy,70,55,55,80,60,45,365,0,0,0,0,0
181,Ampharos,90,75,85,115,90,55,510,0,0,0,0,0
182,Bellossom,75,80,95,90,100,50,490,0,0,0,0,0
183,Marill,70,20,50,20,50,40,250,0,0,0,0,0
184,Azumarill,100,50,80,60,80,50,420,0,0,0,0,0
185,Sudowoodo,70,100,115,30,65,30,410,0,0,0,0,0
186,Politoed,90,75,75,90,100,70,500,0,0,0,0,0
187,Hoppip,35,35,40,35,55,50,250,0,0,0,0,0
188,Skiploom,55,45,50,45,65,80,340,0,0,0,0,0
189,Jumpluff,75,55,70,55,95,110,460,0,0,0,0,0
190,Aipom,55,70,55,40,55,85,360,0,0,0,0,0
191,Sunkern,30,30,30,30,30,30,180,0,0,0,0,0
192,Sunflora,75,75,55,105,85,30,425,0,0,0,0,0
193,Yanma,65,65,45,75,45,95,390,0,0,0,0,0
194,Wooper,55,45,45,25,25,15,210,0,0,0,0,0
195,Quagsire,95,85,85,65,65,35,430,0,0,0,0,0
196,Espeon,65,65,60,130,95,110,525,0,0,0,0,0
197,Umbreon,95,65,110,60,130,65,525,0,0,0,0,0
198,Murkrow,60,85,42,85,42,91,405,0,0,0,0,0
199,Slowking,95,75,80,100,110,30,490,0,0,0,0,0
200,Misdreavus,60,60,60,85,85,85,435,0,0,0,0,0
201,Unown,48,72,48,72,48,48,336,0,0,0,0,0
202,Wobbuffet,190,33,58,33,58,33,405,0,0,0,0,0
203,Girafarig,70,80,65,90,65,85,455,0,0,0,0,0
204,Pineco,50,65,90,35,35,15,290,0,0,0,0,0
205,Forretress,75,90,140,60,60,40,465,0,0,0,0,0
206,Dunsparce,100,70,70,65,65,45,415,0,0,0,0,0
207,Gligar,65,75,105,35,65,85,430,0,0,0,0,0
208,Steelix,75,85,200,55,65,30,510,0,0,0,0,0
209,Snubbull,60,80,50,40,40,30,300,0,0,0,0,0
210,Granbull,90,120,75,60,60,45,450,0,0,0,0,0
211,Qwilfish,65,95,75,55,55,85,430,0,0,0,0,0
212,Scizor,70,130,100,55,80,65,500,0,0,0,0,0
213,Shuckle,20,10,230,10,230,5,505,0,0,0,0,0
214,Heracross,80,125,75,40,95,85,500,0,0,0,0,0
215,Sneasel,55,95,55,35,75,115,430,0,0,0,0,0
216,Teddiursa,60,80,50,50,50,40,330,0,0,0,0,0
217,Ursaring,90,130,75,75,75,55,500,0,0,0,0,0
218,Slugma,40,40,40,70,40,20,250,0,0,0,0,0
219,Magcargo,50,50,120,80,80,30,410,0,0,0,0,0
220,Swinub,50,50,40,30,30,50,250,0,0,0,0,0
221,Piloswine,100,100,80,60,60,50,450,0,0,0,0,0
222,Corsola,55,55,85,65,85,35,380,0,0,0,0,0
223,Remoraid,35,65,35,65,35,65,300,0,0,0,0,0
224,Octillery,75,105,75,105,75,45,480,0,0,0,0,0
225,Delibird,45,55,45,65,45,75,330,0,0,0,0,0
226,Mantine,65,40,70,80,140,70,465,0,0,0,0,0
227,Skarmory,65,80,140,40,70,70,465,0,0,0,0,0
228,Houndour,45,60,30,80,50,65,330,0,0,0,0,0
229,Houndoom,75,90,50,110,80,95,500,0,0,0,0,0
230,Kingdra,75,95,95,95,95,85,540,0,0,0,0,0
231,Phanpy,90,60,60,40,40,40,330,0,0,0,0,0
232,Donphan,90,120,120,60,60,50,500,0,0,0,0,0
233,Porygon2,85,80,90,105,95,60,515,0,0,0,0,0
234,Stantler,73,95,62,85,65,85,465,0,0,0,0,0
235,Smeargle,55,20,35,20,45,75,250,0,0,0,0,0
236,Tyrogue,35,35,35,35,35,35,210,0,0,0,0,0
237,Hitmontop,50,95,95,35,110,70,455,0,0,0,0,0
238,Smoochum,45,30,15,85,65,65,305,0,0,0,0,0
239,Elekid,45,63,37,65,55,95,360,0,0,0,0,0
240,Magby,45,75,37,70,55,83,365,0,0,0,0,0
241,Miltank,95,80,105,40,70,100,490,0,0,0,0,0
242,Blissey,255,10,10,75,135,55,540,0,0,0,0,0
243,Raikou,90,85,75,115,100,115,580,0,0,0,0,0
244,Entei,115,115,85,90,75,100,580,0,0,0,0,0
245,Suicune,100,75,115,90,115,85,580,0,0,0,0,0
246,Larvitar,50,64,50,45,50,41,300,0,0,0,0,0
247,Pupitar,70,84,70,65,70,51,410,0,0,0,0,0
248,Tyranitar,100,134,110,95,100,61,600,0,0,0,0,0
249,Lugia,106,90,130,90,154,110,680,0,0,0,0,0
250,Ho-Oh,106,130,90,110,154,90,680,0,0,0,0,0
251,Celebi,100,100,100,100,100,100,600,0,0,0,0,0
252,Treecko,40,45,35,65,55,70,310,0,0,0,0,0
253,Grovyle,50,65,45,85,65,95,405,0,0,0,0,0
254,Sceptile,70,85,65,105,85,120,530,0,0,0,0,0
255,Torchic,45,60,40,70,50,45,310,0,0,0,0,0
256,Combusken,60,85,60,85,60,55,405,0,0,0,0,0
257,Blaziken,80,120,70,110,70,80,530,0,0,0,0,0
258,Mudkip,50,70,50,50,50,40,310,0,0,0,0,0
259,Marshtomp,70,85,70,60,70,50,405,0,0,0,0,0
260,Swampert,100,110,90,85,90,60,535,0,0,0,0,0
261,Poochyena,35,55,35,30,30,35,220,0,0,0,0,0
262,Mightyena,70,90,70,60,60,70,420,0,0,0,0,0
263,Zigzagoon,38,30,41,30,41,60,240,0,0,0,0,0
264,Linoone,78,70,61,50,61,100,420,0,0,0,0,0
265,Wurmple,45,45,35,20,30,20,195,0,0,0,0,0
266,Silcoon,50,35,55,25,25,15,205,0,0,0,0,0
267,Beautifly,60,70,50,100,50,65,395,0,0,0,0,0
268,Cascoon,50,35,55,25,25,15,205,0,0,0,0,0
269,Dustox,60,50,70,50,90,65,385,0,0,0,0,0
270,Lotad,40,30,30,40,50,30,220,0,0,0,0,0
271,Lombre,60,50,50,60,70,50,340,0,0,0,0,0
272,Ludicolo,80,70,70,90,100,70,480,0,0,0,0,0
273,Seedot,40,40,50,30,30,30,220,0,0,0,0,0
274,Nuzleaf,70,70,40,60,40,60,340,0,0,0,0,0
275,Shiftry,90,100,60,90,60,80,480,0,0,0,0,0
276,Taillow,40,55,30,30,30,85,270,0,0,0,0,0
277,Swellow,60,85,60,50,50,125,430,0,0,0,0,0
278,Wingull,40,30,30,55,30,85,270,0,0,0,0,0
279,Pelipper,60,50,100,85,70,65,430,0,0,0,0,0
280,Ralts,28,25,25,45,35,40,198,0,0,0,0,0
281,Kirlia,38,35,35,65,55,50,278,0,0,0,0,0
282,Gardevoir,68,65,65,125,115,80,518,0,0,0,0,0
283,Surskit,40,30,32,50,52,65,269,0,0,0,0,0
284,Masquerain,70,60,62,80,82,60,414,0,0,0,0,0
285,Shroomish,60,40,60,40,60,35,295,0,0,0,0,0
286,Breloom,60,130,80,60,60,70,460,0,0,0,0,0
287,Slakoth,60,60,60,35,35,30,280,0,0,0,0,0
288,Vigoroth,80,80,80,55,55,90,440,0,0,0,0,0
289,Slaking,150,160,100,95,65,100,670,0,0,0,0,0
290,Nincada,31,45,90,30,30,40,266,0,0,0,0,0
291,Ninjask,61,90,45,50,50,160,456,0,0,0,0,0
292,Shedinja,1,90,45,30,30,40,236,0,0,0,0,0
293,Whismur,64,51,23,51,23,28,240,0,0,0,0,0
294,Loudred,84,71,43,71,43,48,360,0,0,0,0,0
295,Exploud,104,91,63,91,73,68,490,0,0,0,0,0
296,Makuhita,72,60,30,20,30,25,237,0,0,0,0,0
297,Hariyama,144,120,60,40,60,50,474,0,0,0,0,0
298,Azurill,50,20,40,20,40,20,190,0,0,0,0,0
299,Nosepass,30,45,135,45,90,30,375,0,0,0,0,0
300,Skitty,50,45,45,35,35,50,260,0,0,0,0,0
301,Delcatty,70,65,65,55,55,70,380,0,0,0,0,0
302,Sableye,50,75,75,65,65,50,380,0,0,0,0,0
303,Mawile,50,85,85,55,55,50,380,0,0,0,0,0
304,Aron,50,70,100,40,40,30,330,0,0,0,0,0
305,Lairon,60,90,140,50,50,40,430,0,0,0,0,0
306,Aggron,70,110,180,60,60,50,530,0,0,0,0,0
307,Meditite,30,40,55,40,55,60,280,0,0,0,0,0
308,Medicham,60,60,75,60,75,80,410,0,0,0,0,0
309,Electrike,40,45,40,65,40,65,295,0,0,0,0,0
310,Manectric,70,75,60,105,60,105,475,0,0,0,0,0
311,Plusle,60,50,40,85,75,95,405,0,0,0,0,0
312,Minun,60,40,50,75,85,95,405,0,0,0,0,0
313,Volbeat,65,73,55,47,75,85,400,0,0,0,0,0
314,Illumise,65,47,55,73,75,85,400,0,0,0,0,0
315,Roselia,50,60,45,100,80,65,400,0,0,0,0,0
316,Gulpin,70,43,53,43,53,40,302,0,0,0,0,0
317,Swalot,100,73,83,73,83,55,467,0,0,0,0,0
318,Carvanha,45,90,20,65,20,65,305,0,0,0,0,0
319,Sharpedo,70,120,40,95,40,95,460,0,0,0,0,0
320,Wailmer,130,70,35,70,35,60,400,0,0,0,0,0
321,Wailord,170,90,45,90,45,60,500,0,0,0,0,0
322,Numel,60,60,40,65,45,35,305,0,0,0,0,0
323,Camerupt,70,100,70,105,75,40,460,0,0,0,0,0
324,Torkoal,70,85,140,85,70,20,470,0,0,0,0,0
325,Spoink,60,25,35,70,80,60,330,0,0,0,0,0
326,Grumpig,80,45,65,90,110,80,470,0,0,0,0,0
327,Spinda,60,60,60,60,60,60,360,0,0,0,0,0
328,Trapinch,45,100,45,45,45,10,290,0,0,0,0,0
329,Vibrava,50,70,50,50,50,70,340,0,0,0,0,0
330,Flygon,80,100,80,80,80,100,520,0,0,0,0,0
331,Cacnea,50,85,40,85,40,35,335,0,0,0,0,0
332,Cacturne,70,115,60,115,60,55,475,0,0,0,0,0
333,Swablu,45,40,60,40,75,50,310,0,0,0,0,0
334,Altaria,75,70,90,70,105,80,490,0,0,0,0,0
335,Zangoose,73,115,60,60,60,90,458,0,0,0,0,0
336,Seviper,73,100,60,100,60,65,458,0,0,0,0,0
337,Lunatone,70,55,65,95,85,70,440,0,0,0,0,0
338,Solrock,70,95,85,55,65,70,440,0,0,0,0,0
339,Barboach,50,48,43,46,41,60,288,0,0,0,0,0
340,Whiscash,110,78,73,76,71,60,468,0,0,0,0,0
341,Corphish,43,80,65,50,35,35,308,0,0,0,0,0
342,Crawdaunt,63,120,85,90,55,55,468,0,0,0,0,0
343,Baltoy,40,40,55,40,70,55,300,0,0,0,0,0
344,Claydol,60,70,105,70,120,75,500,0,0,0,0,0
345,Lileep,66,41,77,61,87,23,355,0,0,0,0,0
346,Cradily,86,81,97,81,107,43,495,0,0,0,0,0
347,Anorith,45,95,50,40,50,75,355,0,0,0,0,0
348,Armaldo,75,125,100,70,80,45,495,0,0,0,0,0
349,Feebas,20,15,20,10,55,80,200,0,0,0,0,0
350,Milotic,95,60,79,100,125,81,540,0,0,0,0,0
351,Castform,70,70,70,70,70,70,420,0,0,0,0,0
352,Kecleon,60,90,70,60,120,40,440,0,0,0,0,0
353,Shuppet,44,75,35,63,33,45,295,0,0,0,0,0
354,Banette,64,115,65,83,63,65,455,0,0,0,0,0
355,Duskull,20,40,90,30,90,25,295,0,0,0,0,0
356,Dusclops,40,70,130,60,130,25,455,0,0,0,0,0
357,Tropius,99,68,83,72,87,51,460,0,0,0,0,0
358,Chimecho,65,50,70,95,80,65,425,0,0,0,0,0
359,Absol,65,130,60,75,60,75,465,0,0,0,0,0
360,Wynaut,95,23,48,23,48,23,260,0,0,0,0,0
361,Snorunt,50,50,50,50,50,50,300,0,0,0,0,0
362,Glalie,80,80,80,80,80,80,480,0,0,0,0,0
363,Spheal,70,40,50,55,50,25,290,0,0,0,0,0
364,Sealeo,90,60,70,75,70,45,410,0,0,0,0,0
365,Walrein,110,80,90,95,90,65,530,0,0,0,0,0
366,Clamperl,35,64,85,74,55,32,345,0,0,0,0,0
367,Huntail,55,104,105,94,75,52,485,0,0,0,0,0
368,Gorebyss,55,84,105,114,75,52,485,0,0,0,0,0
369,Relicanth,100,90,130,45,65,55,485,0,0,0,0,0
370,Luvdisc,43,30,55,40,65,97,330,0,0,0,0,0
371,Bagon,45,75,60,40,30,50,300,0,0,0,0,0
372,Shelgon,65,95,100,60,50,50,420,0,0,0,0,0
373,Salamence,95,135,80,110,80,100,600,0,0,0,0,0
374,Beldum,40,55,80,35,60,30,300,0,0,0,0,0
375,Metang,60,75,100,55,80,50,420,0,0,0,0,0
376,Metagross,80,135,130,95,90,70,600,0,0,0,0,0
377,Regirock,80,100,200,50,100,50,580,0,0,0,0,0
378,Regice,80,50,100,100,200,50,580,0,0,0,0,0
379,Registeel,80,75,150,75,150,50,580,0,0,0,0,0
380,Latias,80,80,90,110,130,110,600,0,0,0,0,0
381,Latios,80,90,80,130,110,110,600,0,0,0,0,0
382,Kyogre,100,100,90,150,140,90,670,0,0,0,0,0
383,Groudon,100,150,140,100,90,90,670,0,0,0,0,0
384,Rayquaza,105,150,90,150,90,95,680,0,0,0,0,0
385,Jirachi,100,100,100,100,100,100,600,0,0,0,0,0
386,Deoxys (Normal Forme),50,150,50,150,50,150,600,0,0,0,0,0
386:01,Deoxys (Attack Forme),50,180,20,180,20,150,600,0,0,0,0,0
386:02,Deoxys (Defense Forme),50,70,160,70,160,90,600,0,0,0,0,0
386:03,Deoxys (Speed Forme),50,95,90,95,90,180,600,0,0,0,0,0
387,Turtwig,55,68,64,45,55,31,318,0,0,0,0,0
388,Grotle,75,89,85,55,65,36,405,0,0,0,0,0
389,Torterra,95,109,105,75,85,56,525,0,0,0,0,0
390,Chimchar,44,58,44,58,44,61,309,0,0,0,0,0
391,Monferno,64,78,52,78,52,81,405,0,0,0,0,0
392,Infernape,76,104,71,104,71,108,534,0,0,0,0,0
393,Piplup,53,51,53,61,56,40,314,0,0,0,0,0
394,Prinplup,64,66,68,81,76,50,405,0,0,0,0,0
395,Empoleon,84,86,88,111,101,60,530,0,0,0,0,0
396,Starly,40,55,30,30,30,60,245,0,0,0,0,0
397,Staravia,55,75,50,40,40,80,340,0,0,0,0,0
398,Staraptor,85,120,70,50,60,100,485,0,0,0,0,0
399,Bidoof,59,45,40,35,40,31,250,0,0,0,0,0
400,Bibarel,79,85,60,55,60,71,410,0,0,0,0,0
401,Kricketot,37,25,41,25,41,25,194,0,0,0,0,0
402,Kricketune,77,85,51,55,51,65,384,0,0,0,0,0
403,Shinx,45,65,34,40,34,45,263,0,0,0,0,0
404,Luxio,60,85,49,60,49,60,363,0,0,0,0,0
405,Luxray,80,120,79,95,79,70,523,0,0,0,0,0
406,Budew,40,30,35,50,70,55,280,0,0,0,0,0
407,Roserade,60,70,65,125,105,90,515,0,0,0,0,0
408,Cranidos,67,125,40,30,30,58,350,0,0,0,0,0
409,Rampardos,97,165,60,65,50,58,495,0,0,0,0,0
410,Shieldon,30,42,118,42,88,30,350,0,0,0,0,0
411,Bastiodon,60,52,168,47,138,30,495,0,0,0,0,0
412,Burmy,40,29,45,29,45,36,224,0,0,0,0,0
413,Wormadam (Plant Cloak),60,59,85,79,105,36,424,0,0,0,0,0
413:01,Wormadam (Sandy Cloak),60,79,105,59,85,36,424,0,0,0,0,0
413:02,Wormadam (Trash Cloak),60,69,95,69,95,36,424,0,0,0,0,0
414,Mothim,70,94,50,94,50,66,424,0,0,0,0,0
415,Combee,30,30,42,30,42,70,244,0,0,0,0,0
416,Vespiquen,70,80,102,80,102,40,474,0,0,0,0,0
417,Pachirisu,60,45,70,45,90,95,405,0,0,0,0,0
418,Buizel,55,65,35,60,30,85,330,0,0,0,0,0
419,Floatzel,85,105,55,85,50,115,495,0,0,0,0,0
420,Cherubi,45,35,45,62,53,35,275,0,0,0,0,0
421,Cherrim,70,60,70,87,78,85,450,0,0,0,0,0
422,Shellos,76,48,48,57,62,34,325,0,0,0,0,0
423,Gastrodon,111,83,68,92,82,39,475,0,0,0,0,0
424,Ambipom,75,100,66,60,66,115,482,0,0,0,0,0
425,Drifloon,90,50,34,60,44,70,348,0,0,0,0,0
426,Drifblim,150,80,44,90,54,80,498,0,0,0,0,0
427,Buneary,55,66,44,44,56,85,350,0,0,0,0,0
428,Lopunny,65,76,84,54,96,105,480,0,0,0,0,0
429,Mismagius,60,60,60,105,105,105,495,0,0,0,0,0
430,Honchkrow,100,125,52,105,52,71,505,0,0,0,0,0
431,Glameow,49,55,42,42,37,85,310,0,0,0,0,0
432,Purugly,71,82,64,64,59,112,452,0,0,0,0,0
433,Chingling,45,30,50,65,50,45,285,0,0,0,0,0
434,Stunky,63,63,47,41,41,74,329,0,0,0,0,0
435,Skuntank,103,93,67,71,61,84,479,0,0,0,0,0
436,Bronzor,57,24,86,24,86,23,300,0,0,0,0,0
437,Bronzong,67,89,116,79,116,33,500,0,0,0,0,0
438,Bonsly,50,80,95,10,45,10,290,0,0,0,0,0
439,Mime Jr.,20,25,45,70,90,60,310,0,0,0,0,0
440,Happiny,100,5,5,15,65,30,220,0,0,0,0,0
441,Chatot,76,65,45,92,42,91,411,0,0,0,0,0
442,Spiritomb,50,92,108,92,108,35,485,0,0,0,0,0
443,Gible,58,70,45,40,45,42,300,0,0,0,0,0
444,Gabite,68,90,65,50,55,82,410,0,0,0,0,0
445,Garchomp,108,130,95,80,85,102,600,0,0,0,0,0
446,Munchlax,135,85,40,40,85,5,390,0,0,0,0,0
447,Riolu,40,70,40,35,40,60,285,0,0,0,0,0
448,Lucario,70,110,70,115,70,90,525,0,0,0,0,0
449,Hippopotas,68,72,78,38,42,32,330,0,0,0,0,0
450,Hippowdon,108,112,118,68,72,47,525,0,0,0,0,0
451,Skorupi,40,50,90,30,55,65,330,0,0,0,0,0
452,Drapion,70,90,110,60,75,95,500,0,0,0,0,0
453,Croagunk,48,61,40,61,40,50,300,0,0,0,0,0
454,Toxicroak,83,106,65,86,65,85,490,0,0,0,0,0
455,Carnivine,74,100,72,90,72,46,454,0,0,0,0,0
456,Finneon,49,49,56,49,61,66,330,0,0,0,0,0
457,Lumineon,69,69,76,69,86,91,460,0,0,0,0,0
458,Mantyke,45,20,50,60,120,50,345,0,0,0,0,0
459,Snover,60,62,50,62,60,40,334,0,0,0,0,0
460,Abomasnow,90,92,75,92,85,60,494,0,0,0,0,0
461,Weavile,70,120,65,45,85,125,510,0,0,0,0,0
462,Magnezone,70,70,115,130,90,60,535,0,0,0,0,0
463,Lickilicky,110,85,95,80,95,50,515,0,0,0,0,0
464,Rhyperior,115,140,130,55,55,40,535,0,0,0,0,0
465,Tangrowth,100,100,125,110,50,50,535,0,0,0,0,0
466,Electivire,75,123,67,95,85,95,540,0,0,0,0,0
467,Magmortar,75,95,67,125,95,83,540,0,0,0,0,0
468,Togekiss,85,50,95,120,115,80,545,0,0,0,0,0
469,Yanmega,86,76,86,116,56,95,515,0,0,0,0,0
470,Leafeon,65,110,130,60,65,95,525,0,0,0,0,0
471,Glaceon,65,60,110,130,95,65,525,0,0,0,0,0
472,Gliscor,75,95,125,45,75,95,510,0,0,0,0,0
473,Mamoswine,110,130,80,70,60,80,530,0,0,0,0,0
474,Porygon-Z,85,80,70,135,75,90,535,0,0,0,0,0
475,Gallade,68,125,65,65,115,80,518,0,0,0,0,0
476,Probopass,60,55,145,75,150,40,525,0,0,0,0,0
477,Dusknoir,45,100,135,65,135,45,525,0,0,0,0,0
478,Froslass,70,80,70,80,70,110,480,0,0,0,0,0
479,Rotom (Normal Rotom),50,50,77,95,77,91,440,0,0,0,0,0
479:01,Rotom (Heat Rotom),50,65,107,105,107,86,520,0,0,0,0,0
479:02,Rotom (Wash Rotom),50,65,107,105,107,86,520,0,0,0,0,0
479:03,Rotom (Frost Rotom),50,65,107,105,107,86,520,0,0,0,0,0
479:04,Rotom (Fan Rotom),50,65,107,105,107,86,520,0,0,0,0,0
479:05,Rotom (Mow Rotom),50,65,107,105,107,86,520,0,0,0,0,0
480,Uxie,75,75,130,75,130,95,580,0,0,0,0,0
481,Mesprit,80,105,105,105,105,80,580,0,0,0,0,0
482,Azelf,75,125,70,125,70,115,580,0,0,0,0,0
483,Dialga,100,120,120,150,100,90,680,0,0,0,0,0
484,Palkia,90,120,100,150,120,100,680,0,0,0,0,0
485,Heatran,91,90,106,130,106,77,600,0,0,0,0,0
486,Regigigas,110,160,110,80,110,100,670,0,0,0,0,0
487,Giratina (Altered Forme),150,100,120,100,120,90,680,0,0,0,0,0
487:01,Giratina (Origin Forme),150,120,100,120,100,90,680,0,0,0,0,0
488,Cresselia,120,70,120,75,130,85,600,0,0,0,0,0
489,Phione,80,80,80,80,80,80,480,0,0,0,0,0
490,Manaphy,100,100,100,100,100,100,600,0,0,0,0,0
491,Darkrai,70,90,90,135,90,125,600,0,0,0,0,0
492,Shaymin (Land Forme),100,100,100,100,100,100,600,0,0,0,0,0
492:01,Shaymin (Sky Forme),100,103,75,120,75,127,600,0,0,0,0,0
493,Arceus,120,120,120,120,120,120,720,0,0,0,0,0
494,Victini,100,100,100,100,100,100,600,0,0,0,0,0
495,Snivy,45,45,55,45,55,63,308,0,0,0,0,0
496,Servine,60,60,75,60,75,83,413,0,0,0,0,0
497,Serperior,75,75,95,75,95,113,528,0,0,0,0,0
498,Tepig,65,63,45,45,45,45,308,0,0,0,0,0
499,Pignite,90,93,55,70,55,55,418,0,0,0,0,0
500,Emboar,110,123,65,100,65,65,528,0,0,0,0,0
501,Oshawott,55,55,45,63,45,45,308,0,0,0,0,0
502,Dewott,75,75,60,83,60,60,413,0,0,0,0,0
503,Samurott,95,100,85,108,70,70,528,0,0,0,0,0
504,Patrat,45,55,39,35,39,42,255,0,0,0,0,0
505,Watchog,60,85,69,60,69,77,420,0,0,0,0,0
506,Lillipup,45,60,45,25,45,55,275,0,0,0,0,0
507,Herdier,65,80,65,35,65,60,370,0,0,0,0,0
508,Stoutland,85,110,90,45,90,80,500,0,0,0,0,0
509,Purrloin,41,50,37,50,37,66,281,0,0,0,0,0
510,Liepard,64,88,50,88,50,106,446,0,0,0,0,0
511,Pansage,50,53,48,53,48,64,316,0,0,0,0,0
512,Simisage,75,98,63,98,63,101,498,0,0,0,0,0
513,Pansear,50,53,48,53,48,64,316,0,0,0,0,0
514,Simisear,75,98,63,98,63,101,498,0,0,0,0,0
515,Panpour,50,53,48,53,48,64,316,0,0,0,0,0
516,Simipour,75,98,63,98,63,101,498,0,0,0,0,0
517,Munna,76,25,45,67,55,24,292,0,0,0,0,0
518,Musharna,116,55,85,107,95,29,487,0,0,0,0,0
519,Pidove,50,55,50,36,30,43,264,0,0,0,0,0
520,Tranquill,62,77,62,50,42,65,358,0,0,0,0,0
521,Unfezant,80,115,80,65,55,93,488,0,0,0,0,0
522,Blitzle,45,60,32,50,32,76,295,0,0,0,0,0
523,Zebstrika,75,100,63,80,63,116,497,0,0,0,0,0
524,Roggenrola,55,75,85,25,25,15,280,0,0,0,0,0
525,Boldore,70,105,105,50,40,20,390,0,0,0,0,0
526,Gigalith,85,135,130,60,80,25,515,0,0,0,0,0
527,Woobat,55,45,43,55,43,72,313,0,0,0,0,0
528,Swoobat,67,57,55,77,55,114,425,0,0,0,0,0
529,Drilbur,60,85,40,30,45,68,328,0,0,0,0,0
530,Excadrill,110,135,60,50,65,88,508,0,0,0,0,0
531,Audino,103,60,86,60,86,50,445,0,0,0,0,0
532,Timburr,75,80,55,25,35,35,305,0,0,0,0,0
533,Gurdurr,85,105,85,40,50,40,405,0,0,0,0,0
534,Conkeldurr,105,140,95,55,65,45,505,0,0,0,0,0
535,Tympole,50,50,40,50,40,64,294,0,0,0,0,0
536,Palpitoad,75,65,55,65,55,69,384,0,0,0,0,0
537,Seismitoad,105,95,75,85,75,74,509,0,0,0,0,0
538,Throh,120,100,85,30,85,45,465,0,0,0,0,0
539,Sawk,75,125,75,30,75,85,465,0,0,0,0,0
540,Sewaddle,45,53,70,40,60,42,310,0,0,0,0,0
541,Swadloon,55,63,90,50,80,42,380,0,0,0,0,0
542,Leavanny,75,103,80,70,80,92,500,0,0,0,0,0
543,Venipede,30,45,59,30,39,57,260,0,0,0,0,0
544,Whirlipede,40,55,99,40,79,47,360,0,0,0,0,0
545,Scolipede,60,100,89,55,69,112,485,0,0,0,0,0
546,Cottonee,40,27,60,37,50,66,280,0,0,0,0,0
547,Whimsicott,60,67,85,77,75,116,480,0,0,0,0,0
548,Petilil,45,35,50,70,50,30,280,0,0,0,0,0
549,Lilligant,70,60,75,110,75,90,480,0,0,0,0,0
550,Basculin,70,92,65,80,55,98,460,0,0,0,0,0
551,Sandile,50,72,35,35,35,65,292,0,0,0,0,0
552,Krokorok,60,82,45,45,45,74,351,0,0,0,0,0
553,Krookodile,95,117,80,65,70,92,519,0,0,0,0,0
554,Darumaka,70,90,45,15,45,50,315,0,0,0,0,0
555,Darmanitan (Standard Mode),105,140,55,30,55,95,480,0,0,0,0,0
555:01,Darmanitan (Zen Mode),105,30,105,140,105,55,540,0,0,0,0,0
556,Maractus,75,86,67,106,67,60,461,0,0,0,0,0
557,Dwebble,50,65,85,35,35,55,325,0,0,0,0,0
558,Crustle,70,95,125,65,75,45,475,0,0,0,0,0
559,Scraggy,50,75,70,35,70,48,348,0,0,0,0,0
560,Scrafty,65,90,115,45,115,58,488,0,0,0,0,0
561,Sigilyph,72,58,80,103,80,97,490,0,0,0,0,0
562,Yamask,38,30,85,55,65,30,303,0,0,0,0,0
563,Cofagrigus,58,50,145,95,105,30,483,0,0,0,0,0
564,Tirtouga,54,78,103,53,45,22,355,0,0,0,0,0
565,Carracosta,74,108,133,83,65,32,495,0,0,0,0,0
566,Archen,55,112,45,74,45,70,401,0,0,0,0,0
567,Archeops,75,140,65,112,65,110,567,0,0,0,0,0
568,Trubbish,50,50,62,40,62,65,329,0,0,0,0,0
569,Garbodor,80,95,82,60,82,75,474,0,0,0,0,0
570,Zorua,40,65,40,80,40,65,330,0,0,0,0,0
571,Zoroark,60,105,60,120,60,105,510,0,0,0,0,0
572,Minccino,55,50,40,40,40,75,300,0,0,0,0,0
573,Cinccino,75,95,60,65,60,115,470,0,0,0,0,0
574,Gothita,45,30,50,55,65,45,290,0,0,0,0,0
575,Gothorita,60,45,70,75,85,55,390,0,0,0,0,0
576,Gothitelle,70,55,95,95,110,65,490,0,0,0,0,0
577,Solosis,45,30,40,105,50,20,290,0,0,0,0,0
578,Duosion,65,40,50,125,60,30,370,0,0,0,0,0
579,Reuniclus,110,65,75,125,85,30,490,0,0,0,0,0
580,Ducklett,62,44,50,44,50,55,305,0,0,0,0,0
581,Swanna,75,87,63,87,63,98,473,0,0,0,0,0
582,Vanillite,36,50,50,65,60,44,305,0,0,0,0,0
583,Vanillish,51,65,65,80,75,59,395,0,0,0,0,0
584,Vanilluxe,71,95,85,110,95,79,535,0,0,0,0,0
585,Deerling,60,60,50,40,50,75,335,0,0,0,0,0
586,Sawsbuck,80,100,70,60,70,95,475,0,0,0,0,0
587,Emolga,55,75,60,75,60,103,428,0,0,0,0,0
588,Karrablast,50,75,45,40,45,60,315,0,0,0,0,0
589,Escavalier,70,135,105,60,105,20,495,0,0,0,0,0
590,Foongus,69,55,45,55,55,15,294,0,0,0,0,0
591,Amoonguss,114,85,70,85,80,30,464,0,0,0,0,0
592,Frillish,55,40,50,65,85,40,335,0,0,0,0,0
593,Jellicent,100,60,70,85,105,60,480,0,0,0,0,0
594,Alomomola,165,75,80,40,45,65,470,0,0,0,0,0
595,Joltik,50,47,50,57,50,65,319,0,0,0,0,0
596,Galvantula,70,77,60,97,60,108,472,0,0,0,0,0
597,Ferroseed,44,50,91,24,86,10,305,0,0,0,0,0
598,Ferrothorn,74,94,131,54,116,20,489,0,0,0,0,0
599,Klink,40,55,70,45,60,30,300,0,0,0,0,0
600,Klang,60,80,95,70,85,50,440,0,0,0,0,0
601,Klinklang,60,100,115,70,85,90,520,0,0,0,0,0
602,Tynamo,35,55,40,45,40,60,275,0,0,0,0,0
603,Eelektrik,65,85,70,75,70,40,405,0,0,0,0,0
604,Eelektross,85,115,80,105,80,50,515,0,0,0,0,0
605,Elgyem,55,55,55,85,55,30,335,0,0,0,0,0
606,Beheeyem,75,75,75,125,95,40,485,0,0,0,0,0
607,Litwick,50,30,55,65,55,20,275,0,0,0,0,0
608,Lampent,60,40,60,95,60,55,370,0,0,0,0,0
609,Chandelure,60,55,90,145,90,80,520,0,0,0,0,0
610,Axew,46,87,60,30,40,57,320,0,0,0,0,0
611,Fraxure,66,117,70,40,50,67,410,0,0,0,0,0
612,Haxorus,76,147,90,60,70,97,540,0,0,0,0,0
613,Cubchoo,55,70,40,60,40,40,305,0,0,0,0,0
614,Beartic,95,110,80,70,80,50,485,0,0,0,0,0
615,Cryogonal,70,50,30,95,135,105,485,0,0,0,0,0
616,Shelmet,50,40,85,40,65,25,305,0,0,0,0,0
617,Accelgor,80,70,40,100,60,145,495,0,0,0,0,0
618,Stunfisk,109,66,84,81,99,32,471,0,0,0,0,0
619,Mienfoo,45,85,50,55,50,65,350,0,0,0,0,0
620,Mienshao,65,125,60,95,60,105,510,0,0,0,0,0
621,Druddigon,77,120,90,60,90,48,485,0,0,0,0,0
622,Golett,59,74,50,35,50,35,303,0,0,0,0,0
623,Golurk,89,124,80,55,80,55,483,0,0,0,0,0
624,Pawniard,45,85,70,40,40,60,340,0,0,0,0,0
625,Bisharp,65,125,100,60,70,70,490,0,0,0,0,0
626,Bouffalant,95,110,95,40,95,55,490,0,0,0,0,0
627,Rufflet,70,83,50,37,50,60,350,0,0,0,0,0
628,Braviary,100,123,75,57,75,80,510,0,0,0,0,0
629,Vullaby,70,55,75,45,65,60,370,0,0,0,0,0
630,Mandibuzz,110,65,105,55,95,80,510,0,0,0,0,0
631,Heatmor,85,97,66,105,66,65,484,0,0,0,0,0
632,Durant,58,109,112,48,48,109,484,0,0,0,0,0
633,Deino,52,65,50,45,50,38,300,0,0,0,0,0
634,Zweilous,72,85,70,65,70,58,420,0,0,0,0,0
635,Hydreigon,92,105,90,125,90,98,600,0,0,0,0,0
636,Larvesta,55,85,55,50,55,60,360,0,0,0,0,0
637,Volcarona,85,60,65,135,105,100,550,0,0,0,0,0
638,Cobalion,91,90,129,90,72,108,580,0,0,0,0,0
639,Terrakion,91,129,90,72,90,108,580,0,0,0,0,0
640,Virizion,91,90,72,90,129,108,580,0,0,0,0,0
641,Tornadus (Incarnate Forme),79,115,70,125,80,111,580,0,0,0,0,0
641:01,Tornadus (Therian Forme),79,100,80,110,90,121,580,0,0,0,0,0
642:02,Thundurus (Incarnate Forme),79,115,70,125,80,111,580,0,0,0,0,0
642:03,Thundurus (Therian Forme),79,105,70,145,80,101,580,0,0,0,0,0
643,Reshiram,100,120,100,150,120,90,680,0,0,0,0,0
644,Zekrom,100,150,120,120,100,90,680,0,0,0,0,0
645,Landorus (Incarnate Forme),89,125,90,115,80,101,600,0,0,0,0,0
645:01,Landorus (Therian Forme),89,145,90,105,80,91,600,0,0,0,0,0
646,Kyurem (Normal Kyurem),125,130,90,130,90,95,660,0,0,0,0,0
646:01,Kyurem (Black Kyurem),125,170,100,120,90,95,700,0,0,0,0,0
646:02,Kyurem (White Kyurem),125,120,90,170,100,95,700,0,0,0,0,0
647,Keldeo,91,72,90,129,90,108,580,0,0,0,0,0
648,Meloetta (Aria Forme),100,77,77,128,128,90,600,0,0,0,0,0
648:01,Meloetta (Pirouette Forme),100,128,90,77,77,128,600,0,0,0,0,0
649,Genesect,71,120,95,120,95,99,600,0,0,0,0,0
650,Chespin,56,61,65,48,45,38,313,0,0,0,0,0
651,Quilladin,61,78,95,56,58,57,405,0,0,0,0,0
652,Chesnaught,88,107,122,74,75,64,530,0,0,0,0,0
653,Fennekin,40,45,40,62,60,60,307,0,0,0,0,0
654,Braixen,59,59,58,90,70,73,409,0,0,0,0,0
655,Delphox,75,69,72,114,100,104,534,0,0,0,0,0
656,Froakie,41,56,40,62,44,71,314,0,0,0,0,0
657,Frogadier,54,63,52,83,56,97,405,0,0,0,0,0
658,Greninja,72,95,67,103,71,122,530,0,0,0,0,0
659,Bunnelby,38,36,38,32,36,57,237,0,0,0,0,0
660,Diggersby,85,56,77,50,77,78,423,0,0,0,0,0
661,Fletchling,45,50,43,40,38,62,278,0,0,0,0,0
662,Fletchinder,62,73,55,56,52,84,382,0,0,0,0,0
663,Talonflame,78,81,71,74,69,126,499,0,0,0,0,0
664,Scatterbug,38,35,40,27,25,35,200,0,0,0,0,0
665,Spewpa,45,22,60,27,30,29,213,0,0,0,0,0
666,Vivillon,80,52,50,90,50,89,411,0,0,0,0,0
667,Litleo,62,50,58,73,54,72,369,0,0,0,0,0
668,Pyroar,86,68,72,109,66,106,507,0,0,0,0,0
669,FlabÃ©bÃ©,44,38,39,61,79,42,303,0,0,0,0,0
670,Floette,54,45,47,75,98,52,371,0,0,0,0,0
671,Florges,78,65,68,112,154,75,552,0,0,0,0,0
672,Skiddo,66,65,48,62,57,52,350,0,0,0,0,0
673,Gogoat,123,100,62,97,81,68,531,0,0,0,0,0
674,Pancham,67,82,62,46,48,43,348,0,0,0,0,0
675,Pangoro,95,124,78,69,71,58,495,0,0,0,0,0
676,Furfrou,75,80,60,65,90,102,472,0,0,0,0,0
677,Espurr,62,48,54,63,60,68,355,0,0,0,0,0
678,Meowstic,74,48,76,83,81,104,466,0,0,0,0,0
679,Honedge,45,80,100,35,37,28,325,0,0,0,0,0
680,Doublade,59,110,150,45,49,35,448,0,0,0,0,0
681,Aegislash (Shield Forme),60,50,150,50,150,60,520,0,0,0,0,0
681:01,Aegislash (Blade Forme),60,150,50,150,50,60,520,0,0,0,0,0
682,Spritzee,78,52,60,63,65,23,341,0,0,0,0,0
683,Aromatisse,101,72,72,99,89,29,462,0,0,0,0,0
684,Swirlix,62,48,66,59,57,49,341,0,0,0,0,0
685,Slurpuff,82,80,86,85,75,72,480,0,0,0,0,0
686,Inkay,53,54,53,37,46,45,288,0,0,0,0,0
687,Malamar,86,92,88,68,75,73,482,0,0,0,0,0
688,Binacle,42,52,67,39,56,50,306,0,0,0,0,0
689,Barbaracle,72,105,115,54,86,68,500,0,0,0,0,0
690,Skrelp,50,60,60,60,60,30,320,0,0,0,0,0
691,Dragalge,65,75,90,97,123,44,494,0,0,0,0,0
692,Clauncher,50,53,62,58,63,44,330,0,0,0,0,0
693,Clawitzer,71,73,88,120,89,59,500,0,0,0,0,0
694,Helioptile,44,38,33,61,43,70,289,0,0,0,0,0
695,Heliolisk,62,55,52,109,94,109,481,0,0,0,0,0
696,Tyrunt,58,89,77,45,45,48,362,0,0,0,0,0
697,Tyrantrum,82,121,119,69,59,71,521,0,0,0,0,0
698,Amaura,77,59,50,67,63,46,362,0,0,0,0,0
699,Aurorus,123,77,72,99,92,58,521,0,0,0,0,0
700,Sylveon,95,65,65,110,130,60,525,0,0,0,0,0
701,Hawlucha,78,92,75,74,63,118,500,0,0,0,0,0
702,Dedenne,67,58,57,81,67,101,431,0,0,0,0,0
703,Carbink,50,50,150,50,150,50,500,0,0,0,0,0
704,Goomy,45,50,35,55,75,40,300,0,0,0,0,0
705,Sliggoo,68,75,53,83,113,60,452,0,0,0,0,0
706,Goodra,90,100,70,110,150,80,600,0,0,0,0,0
707,Klefki,57,80,91,80,87,75,470,0,0,0,0,0
708,Phantump,43,70,48,50,60,38,309,0,0,0,0,0
709,Trevenant,85,110,76,65,82,56,474,0,0,0,0,0
710,Pumpkaboo (Small Size),44,66,70,44,55,56,335,0,0,0,0,0
710:01,Pumpkaboo (Average Size),49,66,70,44,55,51,335,0,0,0,0,0
710:02,Pumpkaboo (Large Size),54,66,70,44,55,46,335,0,0,0,0,0
710:03,Pumpkaboo (Super Size),59,66,70,44,55,41,335,0,0,0,0,0
711,Gourgeist (Small Size),55,85,122,58,75,99,494,0,0,0,0,0
711:01,Gourgeist (Average Size),65,90,122,58,75,84,494,0,0,0,0,0
711:02,Gourgeist (Large Size),75,95,122,58,75,69,494,0,0,0,0,0
711:03,Gourgeist (Super Size),85,100,122,58,75,54,494,0,0,0,0,0
712,Bergmite,55,69,85,32,35,28,304,0,0,0,0,0
713,Avalugg,95,117,184,44,46,28,514,0,0,0,0,0
714,Noibat,40,30,35,45,40,55,245,0,0,0,0,0
715,Noivern,85,70,80,97,80,123,535,0,0,0,0,0
716,Xerneas,126,131,95,131,98,99,680,0,0,0,0,0
717,Yveltal,126,131,95,131,98,99,680,0,0,0,0,0
718,Zygarde,108,100,121,81,95,95,600,0,0,0,0,0
719,Diancie,50,100,150,100,150,50,600,0,0,0,0,0
720,Hoopa (Hoopa Confined),80,110,60,150,130,70,600,0,0,0,0,0
720:01,Hoopa (Hoopa Unbound),80,160,60,170,130,80,680,0,0,0,0,0
721,Volcanion,80,110,120,130,90,70,600,0,0,0,0,0